canon,role,status,dest,src,width,height,mode,alpha,alpha_min,alpha_max,sha256,notes,exists
CN-001_identity-topper-brand-crest.png,legacy/certified identity topper master,production,01_PRODUCTION_ASSETS/CN-001_identity-topper-brand-crest.png,CN-001 — IDENTITY TOPPER : BRAND CREST.png,1672,941,RGBA,True,0,255,b9142dda762cecae36899f7d986ff9a33ec5b0a8523162e2da7dbe8b89fcfc09,,True
CN-002_hero-action_plug-right.png,"hero action master, right semantic socket",production,01_PRODUCTION_ASSETS/CN-002_hero-action_plug-right.png,CN-002-Hero Action — Plug Right.png,2172,724,RGBA,True,0,255,5741f984a7521f676e57b6c1bce4bee6e4623930c495fad758cce778557e943d,,True
CN-003_hero-action_plug-left.png,"hero action master, left semantic socket",production,01_PRODUCTION_ASSETS/CN-003_hero-action_plug-left.png,CN-003 — HERO ACTION — PLUG LEFT.png,2172,724,RGBA,True,0,255,cfd8c8b8bfde1f9786850b421186c669f53be1557e1b07d1eeabcb6dcd07bab2,,True
CN-004_standard-action_plug-left.png,"standard action master, left semantic socket",production,01_PRODUCTION_ASSETS/CN-004_standard-action_plug-left.png,CN-004 — STANDARD ACTION — PLUG LEFT.png,2172,724,RGBA,True,0,255,0053a28d71a774d85442e4036805a3f7a98d6132d60753c562351fd8321102ba,,True
CN-005_standard-action_plug-right.png,"standard action master, right semantic socket",production,01_PRODUCTION_ASSETS/CN-005_standard-action_plug-right.png,CN-005 — STANDARD ACTION — PLUG RIGHT.png,2172,724,RGBA,True,0,255,3443f45ac6ebbbe1571429f29df715bad6c8404ef37c7f88ac919def2ce0c1bc,,True
CN-010_twin-rail_odd-row-finisher.png,full-width odd-action finisher,production,01_PRODUCTION_ASSETS/CN-010_twin-rail_odd-row-finisher.png,CN-010 — TWIN-RAIL ODD-ROW FINISHER.png,2172,724,RGBA,True,0,255,58ec81f51c3f809b536f9999f4fe14dc27f4dbbdfaa1d4fc7a19bbec30cda97f,,True
CN-011_decorative-utility-finisher.png,optional non-action live informational/decorative utility component,production,01_PRODUCTION_ASSETS/CN-011_decorative-utility-finisher.png,CN-011 — DECORATIVE : UTILITY FINISHER.png,2172,724,RGBA,True,0,255,98375c60b7fd240eda469f650bcf0d3bfc8d41df763f01b91d573868a31db990,"Certified PASS: live-text x=326–1846 y=284–440; guarded lane x=302–1870 y=260–464.",True
CN-012_standard-plug-socket_empty.png,canonical semanticPlugSocket chassis,production,01_PRODUCTION_ASSETS/CN-012_standard-plug-socket_empty.png,CN-012 — STANDARD PLUG SOCKET — EMPTY.png,1278,1230,RGBA,True,0,255,6030cc1abf6de4ae3c18b90074da48150e647a15a21dc3c1ce1c3bc376ec6ce4,,True
CN-006_bound-single-stack_4-row.png,certified visual preset/reference; runtime should assemble modularly,reference,06_CERTIFIED_PRESETS_REFERENCES/CN-006_bound-single-stack_4-row.png,CN-006 — BOUND SINGLE STACK — 4 ROW.png,941,1672,RGBA,True,0,255,b42516a577aa56e13a83adaf264b0122ad4c2082778007ee85f5f75624d4207d,,True
CN-007_bound-single-stack_6-row.png,certified visual preset/reference; runtime should assemble modularly,reference,06_CERTIFIED_PRESETS_REFERENCES/CN-007_bound-single-stack_6-row.png,CN-007 — BOUND SINGLE STACK — 6 ROW.png,1024,1536,RGBA,True,0,254,a1e406754e2b336c9125a6b9207342d8692eb32451ae061c6ed46a664360bdaa,,True
CN-008_twin-rail-bound-stack_2x2.png,certified visual preset/reference; runtime should assemble modularly,reference,06_CERTIFIED_PRESETS_REFERENCES/CN-008_twin-rail-bound-stack_2x2.png,CN-008 — TWIN-RAIL BOUND STACK — 2×2.png,1122,1402,RGBA,True,0,255,05fe13a9e532e8e360840079fb3e5f4b0b4a28d1e23568f26bbc55599a9a4aa4,,True
CN-009_twin-rail-bound-stack_2x3.png,certified visual preset/reference; runtime should assemble modularly,reference,06_CERTIFIED_PRESETS_REFERENCES/CN-009_twin-rail-bound-stack_2x3.png,CN-009 — TWIN-RAIL BOUND STACK — 2×3.png,1024,1536,RGBA,True,0,254,a67ae9cfba75fe45ff7b26129a6c38ea924c26a37acc749b028e5a436197860c,,True
CN-013_website-globe_plug.png,semantic/system plug: website-globe,production,03_PLUGS_SEMANTIC/CN-013_website-globe_plug.png,CN-013 — WEBSITE : GLOBE PLUG.png,1254,1254,RGBA,True,0,255,f30afbbbd9921b09b6aa3be0453145954b196163f982e681063486ce49e056ea,,True
CN-014_call-phone_plug.png,semantic/system plug: call-phone,production,03_PLUGS_SEMANTIC/CN-014_call-phone_plug.png,CN-014 — CALL : PHONE PLUG.png,1254,1254,RGBA,True,0,255,56eaf9b99418047e3659ffd84fb44ac2ca19bb275ab9357de71f793a457a6bd8,,True
CN-015_directions-map-pin_plug.png,semantic/system plug: directions-map-pin,production,03_PLUGS_SEMANTIC/CN-015_directions-map-pin_plug.png,CN-015 — DIRECTIONS : MAP PIN PLUG.png,1254,1254,RGBA,True,0,255,3ab5ebee59f83442f035e2dd007954f596f0404e23711c523fd1dea57e27183e,,True
CN-016_reviews-star_plug.png,semantic/system plug: reviews-star,production,03_PLUGS_SEMANTIC/CN-016_reviews-star_plug.png,CN-016 — REVIEWS : STAR PLUG.png,1312,1199,RGBA,True,0,255,bbb0f048ba0532a793a001184ba4e5e60f67be0677ccd927e586fbd8309ae9d0,,True
CN-017_book-calendar_plug.png,semantic/system plug: book-calendar,production,03_PLUGS_SEMANTIC/CN-017_book-calendar_plug.png,CN-017 — BOOK : CALENDAR PLUG.png,1254,1254,RGBA,True,0,255,a15e1603d0bfb76828f1247240cecbfc75da61bf2e87f16d1f49029d1707ce0a,,True
CN-018_email-envelope_plug.png,semantic/system plug: email-envelope,production,03_PLUGS_SEMANTIC/CN-018_email-envelope_plug.png,CN-018 — EMAIL : ENVELOPE PLUG.png,1254,1254,RGBA,True,0,255,fcb1f693c365db663c91a9d5d03bb6c119fac48e54e1834039d5b420f017f0b9,,True
CN-019_text-sms_plug.png,semantic/system plug: text-sms,production,03_PLUGS_SEMANTIC/CN-019_text-sms_plug.png,CN-019 — TEXT : SMS PLUG.png,1254,1254,RGBA,True,0,255,4b2c8d8a81e46e83d086119ffca9a185fd48e372f685315eb4dd4d56f12d0313,,True
CN-020_pay-payment_plug.png,semantic/system plug: pay-payment,production,03_PLUGS_SEMANTIC/CN-020_pay-payment_plug.png,CN-020 — PAY : PAYMENT PLUG.png,1254,1254,RGBA,True,0,255,2f1dc65e86b0aff8433e9f04699560d70bd6a36c31249d5fea47a87accf277c9,,True
CN-021_menu-order_plug.png,semantic/system plug: menu-order,production,03_PLUGS_SEMANTIC/CN-021_menu-order_plug.png,CN-021 — MENU : ORDER PLUG.png,1254,1254,RGBA,True,0,255,63f165e765489465b336a0cb70aba31bfc6bae82a96d2d0dba3330d857f5cf81,,True
CN-022_qr-code_plug.png,semantic/system plug: qr-code,production,03_PLUGS_SEMANTIC/CN-022_qr-code_plug.png,CN-022 — QR CODE PLUG.png,1254,1254,RGBA,True,0,255,bf4466bc5f6d7a1dccfbdacba2220edc775dd5624d2d59c8bf02f557a90c034c,,True
CN-023_generic-share_plug.png,semantic/system plug: generic-share,production,03_PLUGS_SEMANTIC/CN-023_generic-share_plug.png,CN-023 — GENERIC SHARE PLUG.png,1254,1254,RGBA,True,0,255,24d581bb7460864ee00c028d3abfa59bd2dfb0a883986ee740a78142f17b739a,,True
CN-024_apple-system-share_plug.png,semantic/system plug: apple-system-share,production,03_PLUGS_SEMANTIC/CN-024_apple-system-share_plug.png,CN-024 — APPLE : SYSTEM SHARE PLUG.png,1278,1230,RGBA,True,0,255,73f8c16797b34ddb2605e8eda918259f520d64b2a701732e8c05587904b9f911,,True
CN-025_save-download_plug.png,semantic/system plug: save-download,production,03_PLUGS_SEMANTIC/CN-025_save-download_plug.png,CN-025 — SAVE : DOWNLOAD PLUG.png,1254,1254,RGBA,True,0,255,597626513e76bb657f51c0ce07133b846ce99bc6e81ca6939230cd3319ed3eb0,,True
CN-033_add-to-home-screen_plug.png,semantic/system plug: add-to-home-screen,production,03_PLUGS_SEMANTIC/CN-033_add-to-home-screen_plug.png,CN-033 — ADD TO HOME SCREEN PLUG.png,1262,1246,RGBA,True,0,255,85d16a4bce666ecc637a62657bbecc61019099d8a99aa9b8b03dc2a1843df46c,,True
CN-034_add-save-contact-vcard_plug.png,semantic/system plug: add-save-contact-vcard,production,03_PLUGS_SEMANTIC/CN-034_add-save-contact-vcard_plug.png,CN-034 — ADD : SAVE CONTACT — VCARD PLUG.png,1254,1254,RGBA,True,0,255,654fa60c1e2b1b183042949a319927e072a46e0664b8d94a02847d039b734ca7,,True
CN-035_bookmark-save-for-later_plug.png,semantic/system plug: bookmark-save-for-later,production,03_PLUGS_SEMANTIC/CN-035_bookmark-save-for-later_plug.png,CN-035 — BOOKMARK : SAVE FOR LATER PLUG.png,1254,1254,RGBA,True,0,255,fa0cb76b85123bb24bf12163316507a7ad0d45b989364c21f1ac610c0f35d594,,True
CN-036_google-g_plug.png,semantic/system plug: google-g,production,03_PLUGS_SEMANTIC/CN-036_google-g_plug.png,CN-36-Cabinet Noir Gold Google G Emblem.png,1254,1254,RGBA,True,0,255,22a761576227c4efb59be5e7d698f8b01f63a9768609c7b0488d17e4a68a51d9,Normalized source file CN-36 to canonical CN-036.,True
CN-026_instagram_plug.png,platform plug: instagram,production,04_PLUGS_SOCIAL_SYSTEM/CN-026_instagram_plug.png,CN-026 — INSTAGRAM PLUG.png,1254,1254,RGBA,True,0,255,8272f4f1a3e78814fa432e9035a7cd512084d9c7d9d3541668653062588b58c7,,True
CN-027_facebook_plug.png,platform plug: facebook,production,04_PLUGS_SOCIAL_SYSTEM/CN-027_facebook_plug.png,CN-027 — FACEBOOK PLUG.png,1276,1233,RGBA,True,0,255,b88f83af36ae6204f6823e84178c804de371733bc01ce7b1949c2ef55cc431cc,,True
CN-028_tiktok_plug.png,platform plug: tiktok,production,04_PLUGS_SOCIAL_SYSTEM/CN-028_tiktok_plug.png,CN-028 — TIKTOK PLUG.png,1254,1254,RGBA,True,0,255,3ca09ffd4bc1ff41461a185c37fa7484ffd2a2f705c4297620e474080541dd09,,True
CN-029_youtube_plug.png,platform plug: youtube,production,04_PLUGS_SOCIAL_SYSTEM/CN-029_youtube_plug.png,CN-029 — YOUTUBE PLUG.png,1254,1254,RGBA,True,0,255,a108a9cd54d1e1eebed0e9d4c575cde9f3bf8987c4b14b1fbc423b0b00b6240f,,True
CN-030_linkedin_plug.png,platform plug: linkedin,production,04_PLUGS_SOCIAL_SYSTEM/CN-030_linkedin_plug.png,CN-030 — LINKEDIN PLUG.png,1254,1254,RGBA,True,0,255,d78830a405c49ee598d4b9263db69490531fc7929f9a631d309dcb849d3c635c,,True
CN-031_x_plug.png,platform plug: x,production,04_PLUGS_SOCIAL_SYSTEM/CN-031_x_plug.png,CN-031 — X PLUG.png,1271,1238,RGBA,True,0,255,a449892a2e3d9ee1b9e97e6897d978067ac5d9aad765392642ef653e68086b01,,True
CN-032_pinterest_plug.png,platform plug: pinterest,production,04_PLUGS_SOCIAL_SYSTEM/CN-032_pinterest_plug.png,CN-032 — Cabinet Noir Pinterest Plug.png,1254,1254,RGBA,True,0,255,7eb306e1235c2bd3ae31fac1dae0d4a21274323bf360a70d6bac5014c050d36f,,True
CN-037_circular-identity-topper_empty.png,canonical identityHeaderSocket crown,production,05_TOPPER_VARIANTS/CN-037_circular-identity-topper_empty.png,CN-037 — CIRCULAR IDENTITY TOPPER : BRAND CROWN — EMPTY.png,1536,1024,RGBA,True,0,254,5b0e2883605335a1f2bd9aca7dca3318c0fe677c3532260e0ac865ce6817d85e,,True
CN-037-ALT-A1_circular-identity-topper_empty.png,certified topper furniture alternate A1,production,05_TOPPER_VARIANTS/CN-037-ALT-A1_circular-identity-topper_empty.png,CN-037 — CIRCULAR IDENTITY TOPPER : BRAND CROWN — EMPTY-alt-A1.png,1536,1024,RGBA,True,0,254,1b09dc7efb93c01612b1f7ef1931775b514c83ec9473bb04ae01824741bc9235,,True
CN-037-ALT-A2_circular-identity-topper_empty.png,certified topper furniture alternate A2,production,05_TOPPER_VARIANTS/CN-037-ALT-A2_circular-identity-topper_empty.png,CN-037— CIRCULAR IDENTITY TOPPER : BRAND CROWN — EMPTY-alt-A2.png,1536,1024,RGBA,True,0,254,9875d611cf2e27cb6eb04348edcc92efc204cdc553a48352703fa873a6a5c9e4,,True
CN-037-ALT-A3_circular-identity-topper_empty.png,certified topper furniture alternate A3,production,05_TOPPER_VARIANTS/CN-037-ALT-A3_circular-identity-topper_empty.png,CN-037 — CIRCULAR IDENTITY TOPPER : BRAND CROWN — EMPTY-Alt-A3.png,1536,1024,RGBA,True,0,254,9745962530a6b81349fa1eda8e9f6fd93c0f932fb7288a3ef4b1997b77e2a1be,,True
CN-038_topper-to-stack-bridge.png,universal crown-to-single-stack bridge / shoulder connector,production,02_STRUCTURAL_SYSTEM/CN-038_topper-to-stack-bridge.png,CN-038 — TOPPER-TO-STACK BRIDGE.png,1905,826,RGBA,True,0,255,31c3b63e9d49da80f326dfb086a6467f715f3466206bf8e2b323244d7a65756f,,True
CN-039_repeatable-single-stack-side-rail-segment.png,repeatable single-stack outer rail interval,production,02_STRUCTURAL_SYSTEM/CN-039_repeatable-single-stack-side-rail-segment.png,CN-039 — REPEATABLE SINGLE-STACK SIDE-RAIL SEGMENT.png,2172,724,RGBA,True,0,255,539f056571632cc93175079b4d96a0f1f2f39ad39663db05fe07b27fd2013c78,Certified PASS: one Standard Action cadence; 724 px runtime stride; preferred overlap 0.,True
CN-040_single-stack-bottom-cap.png,fixed single-stack structural bottom termination,production,02_STRUCTURAL_SYSTEM/CN-040_single-stack-bottom-cap.png,CN-040 — SINGLE-STACK BOTTOM CAP : FOOTER ASSEMBLY.png,1672,941,RGBA,True,0,255,1d09c0493c4984f2ebc5d9c8992f47bc826c10085d9c4b495b7ab6fcd6c13bdb,,True
CN-041_decorative-footer-pedestal.png,optional decorative pedestal beneath structural cap,production,02_STRUCTURAL_SYSTEM/CN-041_decorative-footer-pedestal.png,CN-041 — DECORATIVE FOOTER : PEDESTAL.png,2172,724,RGBA,True,0,255,321ca2a9cfb02f78f5c4b90a79267520a4897ff9ff7c618e08e43226bdc9c9cd,,True
CN-042_twin-rail-repeatable-outer-rail-segment.png,repeatable twin-rail outer interval,production,02_STRUCTURAL_SYSTEM/CN-042_twin-rail-repeatable-outer-rail-segment.png,CN-042 — TWIN-RAIL REPEATABLE OUTER-RAIL SEGMENT.png,2172,362,RGBA,True,0,255,39972ed76575213469916dcdc2744ea1367533c0ee1f7d895edecb430c350a08,Certified PASS: one paired-level cadence; 362 px runtime stride; preferred overlap 0.,True
CN-043_twin-rail-repeatable-center-spine-segment.png,certified repeatable twin-rail center spine interval,production,02_STRUCTURAL_SYSTEM/CN-043_twin-rail-repeatable-center-spine-segment.png,CN-043 — TWIN-RAIL REPEATABLE CENTER-SPINE SEGMENT 2.png,1024,1536,RGBA,True,0,254,45272b4d5b3e2676eeb4fc28a692771a6dc083527b7f2beb1c29d541d90bbdea,Certified PASS: one paired-level cadence; 362 px runtime stride; preferred overlap 0.,True
CN-044_twin-rail-topper-crown-bridge.png,fixed twin-rail crown/top bridge,production,02_STRUCTURAL_SYSTEM/CN-044_twin-rail-topper-crown-bridge.png,CN-044 — TWIN-RAIL TOPPER : CROWN BRIDGE.png,1774,887,RGBA,True,0,255,2d9ef3a3efcc723253130f18bb8b7694e1988223a9c0e0570a62f77ffb0237da,,True
CN-045_twin-rail-bottom-cap.png,fixed twin-rail three-way lower termination,production,02_STRUCTURAL_SYSTEM/CN-045_twin-rail-bottom-cap.png,CN-045 — TWIN-RAIL BOTTOM CAP : FOOTER ASSEMBLY.png,2172,724,RGBA,True,0,255,d77a1064be38f2a9aee6604e1cbc04f77937fbf0f98589f5c3abedd650933e0d,,True
CN-043_SUPERSEDED_center-spine-rev0.png,superseded center spine revision,superseded,99_SUPERSEDED_DO_NOT_DEPLOY/CN-043_SUPERSEDED_center-spine-rev0.png,CN-043 — TWIN-RAIL REPEATABLE CENTER-SPINE SEGMENT.png,887,1774,RGBA,True,0,255,039c263f708132c892c5ec18747aaf5d459f1e293928770047cf2414d49818d1,Do not deploy; replaced by revised CN-043 production authority.,True
CN-040_DUPLICATE_identical-copy.png,byte-identical duplicate of CN-040,duplicate,99_SUPERSEDED_DO_NOT_DEPLOY/CN-040_DUPLICATE_identical-copy.png,CN-040 — SINGLE-STACK BOTTOM CAP : FOOTER ASSEMBLY 2.png,1672,941,RGBA,True,0,255,1d09c0493c4984f2ebc5d9c8992f47bc826c10085d9c4b495b7ab6fcd6c13bdb,Do not deploy; identical SHA-256 to canonical CN-040.,True
